{
  "dataType" : "geo",
  "npnt" : 32,
  "ntri" : 0,
  "npol" : 0,
  "nvtx" : 0,
  "nmtl" : 0,
  "npntAttrs" : 2,
  "npntVecAttrs" : 0,
  "npntStrAttrs" : 2,
  "nprimAttrs" : 0,
  "ncaptNodes" : 0,
  "maxCaptsPerPnt" : 0,
  "pntAttrNames : " : ["parent", "name"],
  "pntVecAttrNames" : [],
  "pntStrAttrNames" : ["parent", "name"],
  "captNodes" : [],
  "pnts" : [0.000000, 0.000000, 0.000000, 0.000000, 0.000000, 0.000000, 0.000000, 1.103340, 0.000000, 0.000000, 1.103340, 0.000000, -0.084987, 0.974120, 0.000000, 0.084987, 0.974120, 0.000000, -0.084987, 0.974120, 0.000000, -0.084987, 0.536760, 0.000000, -0.084987, 0.536760, 0.000000, -0.084987, 0.099400, 0.000000, 0.084987, 0.974120, 0.000000, 0.084987, 0.536760, 0.000000, 0.084987, 0.536760, 0.000000, 0.084987, 0.099400, 0.000000, 0.000000, 1.103340, 0.000000, 0.000000, 1.252349, -0.005204, 0.000000, 1.510006, -0.032154, 0.000000, 1.636555, -0.018620, -0.028046, 1.429908, -0.047309, -0.169396, 1.479578, -0.049044, -0.169396, 1.479578, -0.049044, -0.431904, 1.479578, -0.049044, -0.431904, 1.479578, -0.049044, -0.633833, 1.479578, -0.049044, -0.704508, 1.479578, -0.049044, 0.028046, 1.429908, -0.047309, 0.169396, 1.479578, -0.049044, 0.169396, 1.479578, -0.049044, 0.431904, 1.479578, -0.049044, 0.431904, 1.479578, -0.049044, 0.633833, 1.479578, -0.049044, 0.704508, 1.479578, -0.049044],
  "pntsVecData" : [],
  "pntsStrData" : ["", "root", "n_Move", "n_Center", "j_Pelvis", "j_Pelvis", "j_Pelvis", "j_Hip_R", "j_Hip_R", "j_Knee_R", "j_Pelvis", "j_Hip_L", "j_Hip_L", "j_Knee_L", "n_Center", "j_Spine", "j_Chest", "j_Neck", "j_Chest", "j_Clavicle_R", "j_Clavicle_R", "j_Shoulder_R", "j_Shoulder_R", "j_Elbow_R", "j_Elbow_R", "j_Chest", "j_Clavicle_L", "j_Clavicle_L", "j_Shoulder_L", "j_Shoulder_L", "j_Elbow_L", "j_Elbow_L", "root", "n_Move", "n_Center", "j_Pelvis", "s_Hip_R", "s_Hip_L", "j_Hip_R", "s_Knee_R", "j_Knee_R", "j_Ankle_R", "j_Hip_L", "s_Knee_L", "j_Knee_L", "j_Ankle_L", "j_Spine", "j_Chest", "j_Neck", "j_Head", "j_Clavicle_R", "s_Shoulder_R", "j_Shoulder_R", "s_Elbow_R", "j_Elbow_R", "s_Forearm_R", "j_Wrist_R", "j_Clavicle_L", "s_Shoulder_L", "j_Shoulder_L", "s_Elbow_L", "j_Elbow_L", "s_Forearm_L", "j_Wrist_L"],
  "pntsCaptNodes" : [],
  "pntsCaptWeights" : [],
  "mtlPaths" : [],
  "triIdx" : [],
  "polIdx" : [],
  "pols" : [],
  "mtlIds" : [],
  "_EOF_" : true
}
